{
"lengthUnit": "mil",
"remark": ["fly_line"],
"components": {
	"fields": ["COMPONENT_NO", "COMPONENT_NAME", "LAYER", "X_COORDINATE", "Y_COORDINATE", "ANGLE"],
	"rows": [
		[1, "C1", "B", 990, -290, 0],
		[2, "C2", "B", 987.3, -187.3, 0],
		[3, "C3", "B", 727.7, -127.7, 270],
		[4, "C4", "B", 632.3, -127.3, 270],
		[5, "C5", "B", 827.3, -127.3, 270],
		[6, "C6", "B", 2062.3, -97.7, 180],
		[7, "C7", "B", 625, -720, 180],
		[8, "C8", "B", 150, -315, 0],
		[9, "C9", "B", 2275, -640, 270],
		[10, "C11", "B", 971.9, -857.3, 180],
		[11, "C12", "B", 1955, -640, 270],
		[12, "C13", "B", 2372.7, -640, 270],
		[13, "C14", "B", 1650, -860, 0],
		[14, "D1", "B", 2635, -320, 90],
		[15, "D2", "B", 750, -965, 180],
		[16, "D3", "B", 1475, -567.9904, 90],
		[17, "D4", "B", 1680, -567.9904, 90],
		[18, "D5", "B", 1032.04, -965, 0],
		[19, "D6", "B", 1650, -957.96, 180],
		[20, "D7", "B", 1927.04, -950, 0],
		[21, "J1", "B", 2834.6457, -236.2205, 270],
		[22, "J2", "T", 1476.375, -563.9989, 0],
		[23, "LED1", "B", 1250, -510, 180],
		[24, "LED2", "B", 1250.7491, -608.0067, 0],
		[25, "LED3", "B", 1250, -703.412, 180],
		[26, "LED4", "B", 1250, -795, 0],
		[27, "R1", "B", 1845, -636.26, 270],
		[28, "R2", "B", 1814.3548, -238.11, 270],
		[29, "R3", "B", 1250, -890, 180],
		[30, "R4", "B", 445, -875, 180],
		[31, "R5", "T", 2426.0015, -905.5118, 90],
		[32, "R6", "B", 746.78, -856.78, 180],
		[33, "R7", "B", 2648.22, -911.78, 0],
		[34, "R8", "T", 2425.6015, -1141.7323, 90],
		[35, "R9", "B", 1926.44, -855, 0],
		[36, "R10", "B", 2648.22, -1141.78, 0],
		[37, "R11", "T", 68.0053, -1561.7247, 0],
		[38, "R12", "T", 232.3623, -1659.6217, 0],
		[39, "R13", "T", 396.7193, -1659.6217, 0],
		[40, "SCREW1", "T", 1624.0125, -1102.36, 0],
		[41, "SCREW2", "T", 1033.4625, -1102.36, 0],
		[42, "SCREW3", "T", 2480.31, -118.11, 0],
		[43, "SCREW4", "T", 511.81, -118.11, 0],
		[44, "SCREW5", "T", 2834.6457, -1102.3622, 0],
		[45, "SCREW6", "T", 157.4803, -1102.3622, 0],
		[46, "SW1", "B", 215, -800, 180],
		[47, "U1", "B", 1950.24, -235.24, 180],
		[48, "U2", "B", 525, -460, 180],
		[49, "U3", "B", 995, -460, 270],
		[50, "U4", "B", 414.66, -704.66, 180],
		[51, "U5", "B", 2235, -240, 270],
		[52, "U6", "B", 2530, -635, 180],
		[53, "U7", "T", 748.0315, -1092.9137, 180],
		[54, "U8", "T", 1338.5827, -1092.9137, 180],
		[55, "U9", "B", 2115, -635, 180],
		[56, "U10", "T", 1929.1339, -1092.9137, 180],
		[57, "PAD1", "T", 270, -50, 0],
		[58, "PAD1", "B", 270, -50, 0],
		[59, "PAD2", "T", 1020, -420, 0],
		[60, "PAD2", "B", 1020, -420, 0],
		[61, "PAD3", "T", 1020, -500, 0],
		[62, "PAD3", "B", 1020, -500, 0],
		[63, "PAD4", "T", 970, -420, 0],
		[64, "PAD4", "B", 970, -420, 0],
		[65, "PAD5", "T", 970, -500, 0],
		[66, "PAD5", "B", 970, -500, 0],
		[67, "PAD6", "T", 1925, -130, 0],
		[68, "PAD6", "B", 1925, -130, 0],
		[69, "PAD7", "T", 2190, -270, 0],
		[70, "PAD7", "B", 2190, -270, 0],
		[71, "PAD8", "T", 2190, -225, 0],
		[72, "PAD8", "B", 2190, -225, 0],
		[73, "PAD9", "T", 2230, -250, 0],
		[74, "PAD9", "B", 2230, -250, 0],
		[75, "PAD10", "T", 2605, -815, 0],
		[76, "PAD10", "B", 2605, -815, 0],
		[77, "PAD11", "T", 2190, -815, 0],
		[78, "PAD11", "B", 2190, -815, 0],
		[79, "PAD12", "T", 2190, -450, 0],
		[80, "PAD12", "B", 2190, -450, 0],
		[81, "PAD13", "T", 2650, -530, 0],
		[82, "PAD13", "B", 2650, -530, 0],
		[83, "PAD14", "T", 1820, -510, 0],
		[84, "PAD14", "B", 1820, -510, 0],
		[85, "PAD15", "T", 875, -935, 0],
		[86, "PAD15", "B", 875, -935, 0],
		[87, "PAD16", "T", 1790, -915, 0],
		[88, "PAD16", "B", 1790, -915, 0],
		[89, "PAD17", "T", 2240, -50, 0],
		[90, "PAD17", "B", 2240, -50, 0],
		[91, "PAD18", "T", 2240, -100, 0],
		[92, "PAD18", "B", 2240, -100, 0],
		[93, "PAD19", "T", 2275, -75, 0],
		[94, "PAD19", "B", 2275, -75, 0],
		[95, "PAD20", "T", 1130, -215, 0],
		[96, "PAD20", "B", 1130, -215, 0],
		[97, "PAD21", "T", 1130, -265, 0],
		[98, "PAD21", "B", 1130, -265, 0],
		[99, "PAD22", "T", 1165, -240, 0],
		[100, "PAD22", "B", 1165, -240, 0],
		[101, "PAD23", "T", 2420, -295, 0],
		[102, "PAD23", "B", 2420, -295, 0],
		[103, "PAD24", "T", 2465, -295, 0],
		[104, "PAD24", "B", 2465, -295, 0],
		[105, "PAD25", "T", 2440, -255, 0],
		[106, "PAD25", "B", 2440, -255, 0],
		[107, "PAD26", "T", 2490, -255, 0],
		[108, "PAD26", "B", 2490, -255, 0],
		[109, "PAD27", "T", 2510, -295, 0],
		[110, "PAD27", "B", 2510, -295, 0],
		[111, "PAD28", "T", 273.8555, -117.5, 0],
		[112, "PAD28", "B", 273.8555, -117.5, 0],
		[113, "PAD29", "T", 273.8555, -187.5, 0],
		[114, "PAD29", "B", 273.8555, -187.5, 0],
		[115, "PAD30", "T", 348.8555, -187.5, 0],
		[116, "PAD30", "B", 348.8555, -187.5, 0],
		[117, "PAD31", "T", 348.8555, -112.5, 0],
		[118, "PAD31", "B", 348.8555, -112.5, 0],
		[119, "PAD32", "T", 348.8555, -47.5, 0],
		[120, "PAD32", "B", 348.8555, -47.5, 0],
		[121, "PAD33", "T", 80, -385, 0],
		[122, "PAD33", "B", 80, -385, 0],
		[123, "PAD34", "T", 35, -420, 0],
		[124, "PAD34", "B", 35, -420, 0],
		[125, "PAD35", "T", 500, -1045, 0],
		[126, "PAD35", "B", 500, -1045, 0],
		[127, "PAD36", "T", 465, -1010, 0],
		[128, "PAD36", "B", 465, -1010, 0],
		[129, "PAD37", "T", 430, -970, 0],
		[130, "PAD37", "B", 430, -970, 0],
		[131, "PAD38", "T", 215, -805, 0],
		[132, "PAD38", "B", 215, -805, 0],
		[133, "PAD39", "T", 2710, -1080, 0],
		[134, "PAD39", "B", 2710, -1080, 0],
		[135, "PAD40", "T", 2705, -965, 0],
		[136, "PAD40", "B", 2705, -965, 0],
		[137, "PAD41", "T", 2275, -515, 0],
		[138, "PAD41", "B", 2275, -515, 0],
		[139, "PAD42", "T", 2340, -515, 0],
		[140, "PAD42", "B", 2340, -515, 0],
		[141, "PAD43", "T", 1605, -680, 0],
		[142, "PAD43", "B", 1605, -680, 0],
		[143, "PAD44", "T", 1550, -680, 0],
		[144, "PAD44", "B", 1550, -680, 0],
		[145, "PAD45", "T", 1390, -680, 0],
		[146, "PAD45", "B", 1390, -680, 0],
		[147, "PAD46", "T", 745, -680, 0],
		[148, "PAD46", "B", 745, -680, 0],
		[149, "PAD47", "T", 795, -680, 0],
		[150, "PAD47", "B", 795, -680, 0],
		[151, "PAD48", "T", 575, -40, 0],
		[152, "PAD48", "B", 575, -40, 0],
		[153, "PAD49", "T", 890, -45, 0],
		[154, "PAD49", "B", 890, -45, 0],
		[155, "PAD50", "T", 935, -45, 0],
		[156, "PAD50", "B", 935, -45, 0],
		[157, "PAD51", "T", 2950, -1220, 0],
		[158, "PAD51", "B", 2950, -1220, 0],
		[159, "PAD52", "T", 2305, -1220, 0],
		[160, "PAD52", "B", 2305, -1220, 0],
		[161, "PAD53", "T", 2180, -615, 0],
		[162, "PAD53", "B", 2180, -615, 0],
		[163, "PAD54", "T", 2049.1642, -635, 0],
		[164, "PAD54", "B", 2049.1642, -635, 0],
		[165, "PAD55", "T", 2185, -660, 0],
		[166, "PAD55", "B", 2185, -660, 0],
		[167, "PAD56", "T", 2470, -655, 0],
		[168, "PAD56", "B", 2470, -655, 0],
		[169, "PAD57", "T", 2435, -615, 0],
		[170, "PAD57", "B", 2435, -615, 0],
		[171, "PAD58", "T", 2595, -660, 0],
		[172, "PAD58", "B", 2595, -660, 0],
		[173, "PAD59", "T", 2595, -610, 0],
		[174, "PAD59", "B", 2595, -610, 0],
		[175, "PAD60", "T", 2265, -270, 0],
		[176, "PAD60", "B", 2265, -270, 0],
		[177, "PAD61", "T", 2239.8418, -209.2195, 0],
		[178, "PAD61", "B", 2239.8418, -209.2195, 0],
		[179, "PAD62", "T", 1377.95, -512.0305, 0],
		[180, "PAD62", "B", 1377.95, -512.0305, 0],
		[181, "PAD63", "T", 1377.95, -612.0303, 0],
		[182, "PAD63", "B", 1377.95, -612.0303, 0],
		[183, "PAD64", "T", 1574.8, -510.8494, 0],
		[184, "PAD64", "B", 1574.8, -510.8494, 0],
		[185, "PAD65", "T", 1574.8, -610.8492, 0],
		[186, "PAD65", "B", 1574.8, -610.8492, 0],
		[187, "PAD66", "B", 2372.7, -702.7, 0],
		[188, "PAD67", "B", 2372.7, -577.3, 0],
		[189, "PAD68", "B", 2275, -702.7, 0],
		[190, "PAD69", "B", 2275, -577.3, 0],
		[191, "PAD70", "B", 1955, -702.7, 0],
		[192, "PAD71", "B", 1955, -577.3, 0],
		[193, "PAD72", "B", 909.2, -857.3, 0],
		[194, "PAD73", "B", 1034.6, -857.3, 0],
		[195, "PAD74", "B", 1712.7, -860, 0],
		[196, "PAD75", "B", 1587.3, -860, 0],
		[197, "PAD76", "B", 562.3, -720, 0],
		[198, "PAD77", "B", 687.7, -720, 0],
		[199, "PAD78", "B", 212.7, -315, 0],
		[200, "PAD79", "B", 87.3, -315, 0],
		[201, "PAD80", "B", 727.7, -190.4, 0],
		[202, "PAD81", "B", 727.7, -65, 0],
		[203, "PAD82", "B", 632.3, -190, 0],
		[204, "PAD83", "B", 632.3, -64.6, 0],
		[205, "PAD84", "B", 827.3, -190, 0],
		[206, "PAD85", "B", 827.3, -64.6, 0],
		[207, "PAD86", "B", 1050, -187.3, 0],
		[208, "PAD87", "B", 924.6, -187.3, 0],
		[209, "PAD88", "B", 1052.7, -290, 0],
		[210, "PAD89", "B", 927.3, -290, 0],
		[211, "PAD90", "B", 2635, -422.02, 0],
		[212, "PAD91", "B", 2635, -217.98, 0],
		[213, "PAD92", "B", 1475, -670.0104, 0],
		[214, "PAD93", "B", 1475, -465.9704, 0],
		[215, "PAD94", "B", 688.98, -965, 0],
		[216, "PAD95", "B", 811.02, -965, 0],
		[217, "PAD96", "B", 1093.06, -965, 0],
		[218, "PAD97", "B", 971.02, -965, 0],
		[219, "PAD98", "B", 1588.98, -957.96, 0],
		[220, "PAD99", "B", 1711.02, -957.96, 0],
		[221, "PAD100", "B", 1988.06, -950, 0],
		[222, "PAD101", "B", 1866.02, -950, 0],
		[223, "PAD102", "B", 1680, -670.0104, 0],
		[224, "PAD103", "B", 1680, -465.9704, 0],
		[225, "PAD104", "B", 1291.35, -510, 0],
		[226, "PAD105", "B", 1208.65, -510, 0],
		[227, "PAD106", "B", 1209.3991, -608.0067, 0],
		[228, "PAD107", "B", 1292.0991, -608.0067, 0],
		[229, "PAD108", "B", 1291.35, -703.412, 0],
		[230, "PAD109", "B", 1208.65, -703.412, 0],
		[231, "PAD110", "B", 1208.65, -795, 0],
		[232, "PAD111", "B", 1291.35, -795, 0],
		[233, "PAD112", "T", 2426.0015, -905.5118, 0],
		[234, "PAD112", "B", 2426.0015, -905.5118, 0],
		[235, "PAD113", "T", 2326.0015, -905.5118, 0],
		[236, "PAD113", "B", 2326.0015, -905.5118, 0],
		[237, "PAD114", "T", 2526.0015, -905.5118, 0],
		[238, "PAD114", "B", 2526.0015, -905.5118, 0],
		[239, "PAD115", "T", 2425.6015, -1141.7323, 0],
		[240, "PAD115", "B", 2425.6015, -1141.7323, 0],
		[241, "PAD116", "T", 2325.6015, -1141.7323, 0],
		[242, "PAD116", "B", 2325.6015, -1141.7323, 0],
		[243, "PAD117", "T", 2525.6015, -1141.7323, 0],
		[244, "PAD117", "B", 2525.6015, -1141.7323, 0],
		[245, "PAD118", "B", 2706.44, -1141.78, 0],
		[246, "PAD119", "B", 2590, -1141.78, 0],
		[247, "PAD120", "B", 2706.44, -911.78, 0],
		[248, "PAD121", "B", 2590, -911.78, 0],
		[249, "PAD122", "B", 688.56, -856.78, 0],
		[250, "PAD123", "B", 805, -856.78, 0],
		[251, "PAD124", "B", 1984.66, -855, 0],
		[252, "PAD125", "B", 1868.22, -855, 0],
		[253, "PAD126", "B", 1191.78, -890, 0],
		[254, "PAD127", "B", 1308.22, -890, 0],
		[255, "PAD128", "B", 386.78, -875, 0],
		[256, "PAD129", "B", 503.22, -875, 0],
		[257, "PAD130", "T", 610.2365, -1043.6987, 0],
		[258, "PAD130", "B", 610.2365, -1043.6987, 0],
		[259, "PAD131", "T", 885.8265, -1043.6987, 0],
		[260, "PAD131", "B", 885.8265, -1043.6987, 0],
		[261, "PAD132", "T", 659.4465, -1142.1287, 0],
		[262, "PAD132", "B", 659.4465, -1142.1287, 0],
		[263, "PAD133", "T", 836.6165, -1142.1287, 0],
		[264, "PAD133", "B", 836.6165, -1142.1287, 0],
		[265, "PAD134", "T", 1200.7877, -1043.6987, 0],
		[266, "PAD134", "B", 1200.7877, -1043.6987, 0],
		[267, "PAD135", "T", 1476.3777, -1043.6987, 0],
		[268, "PAD135", "B", 1476.3777, -1043.6987, 0],
		[269, "PAD136", "T", 1249.9977, -1142.1287, 0],
		[270, "PAD136", "B", 1249.9977, -1142.1287, 0],
		[271, "PAD137", "T", 1427.1677, -1142.1287, 0],
		[272, "PAD137", "B", 1427.1677, -1142.1287, 0],
		[273, "PAD138", "T", 1791.3389, -1043.6987, 0],
		[274, "PAD138", "B", 1791.3389, -1043.6987, 0],
		[275, "PAD139", "T", 2066.9289, -1043.6987, 0],
		[276, "PAD139", "B", 2066.9289, -1043.6987, 0],
		[277, "PAD140", "T", 1840.5489, -1142.1287, 0],
		[278, "PAD140", "B", 1840.5489, -1142.1287, 0],
		[279, "PAD141", "T", 2017.7189, -1142.1287, 0],
		[280, "PAD141", "B", 2017.7189, -1142.1287, 0],
		[281, "PAD142", "B", 1109.5, -385, 0],
		[282, "PAD143", "B", 1109.5, -435, 0],
		[283, "PAD144", "B", 1109.5, -485, 0],
		[284, "PAD145", "B", 1109.5, -535, 0],
		[285, "PAD146", "B", 880.5, -535, 0],
		[286, "PAD147", "B", 880.5, -485, 0],
		[287, "PAD148", "B", 880.5, -435, 0],
		[288, "PAD149", "B", 880.5, -385, 0],
		[289, "PAD150", "B", 995, -460, 0],
		[290, "PAD151", "B", 728.82, -460, 0],
		[291, "PAD152", "B", 321.18, -460, 0],
		[292, "PAD153", "B", 385, -704.66, 0],
		[293, "PAD154", "B", 444.32, -704.66, 0],
		[294, "PAD155", "B", 2751.7707, -127.9555, 0],
		[295, "PAD156", "B", 2751.7707, -176.3755, 0],
		[296, "PAD157", "B", 2751.7707, -216.5355, 0],
		[297, "PAD158", "B", 2751.7707, -255.9055, 0],
		[298, "PAD159", "B", 2751.7707, -296.0655, 0],
		[299, "PAD160", "B", 2751.7707, -344.4855, 0],
		[300, "PAD161", "T", 2917.5207, -66.1455, 0],
		[301, "PAD161", "B", 2917.5207, -66.1455, 0],
		[302, "PAD162", "T", 2771.8507, -66.1455, 0],
		[303, "PAD162", "B", 2771.8507, -66.1455, 0],
		[304, "PAD163", "B", 297.68, -757.68, 0],
		[305, "PAD164", "B", 132.32, -757.68, 0],
		[306, "PAD165", "B", 297.68, -842.32, 0],
		[307, "PAD166", "B", 132.32, -842.32, 0],
		[308, "PAD167", "B", 1999.6, -97.7, 0],
		[309, "PAD168", "B", 2125, -97.7, 0],
		[310, "PAD169", "B", 1814.3548, -277.48, 0],
		[311, "PAD170", "B", 1814.3548, -198.74, 0],
		[312, "PAD171", "B", 1845, -675.63, 0],
		[313, "PAD172", "B", 1845, -596.89, 0],
		[314, "PAD173", "B", 1987.64, -280.48, 0],
		[315, "PAD174", "B", 1950.24, -280.48, 0],
		[316, "PAD175", "B", 1912.84, -280.48, 0],
		[317, "PAD176", "B", 1950.24, -190, 0],
		[318, "PAD177", "B", 1987.64, -190, 0],
		[319, "PAD178", "B", 2350.24, -227.21, 0],
		[320, "PAD179", "B", 2350.24, -252.8, 0],
		[321, "PAD180", "B", 2350.24, -278.39, 0],
		[322, "PAD181", "B", 2119.76, -227.21, 0],
		[323, "PAD182", "B", 2119.76, -252.8, 0],
		[324, "PAD183", "B", 2119.76, -278.39, 0],
		[325, "PAD184", "B", 2605, -744.02, 0],
		[326, "PAD185", "B", 2555, -744.02, 0],
		[327, "PAD186", "B", 2505, -744.02, 0],
		[328, "PAD187", "B", 2455, -744.02, 0],
		[329, "PAD188", "B", 2605, -525.98, 0],
		[330, "PAD189", "B", 2505, -525.98, 0],
		[331, "PAD190", "B", 2455, -525.98, 0],
		[332, "PAD191", "B", 2530, -635, 0],
		[333, "PAD192", "B", 2190, -744.02, 0],
		[334, "PAD193", "B", 2140, -744.02, 0],
		[335, "PAD194", "B", 2090, -744.02, 0],
		[336, "PAD195", "B", 2040, -744.02, 0],
		[337, "PAD196", "B", 2190, -525.98, 0],
		[338, "PAD197", "B", 2090, -525.98, 0],
		[339, "PAD198", "B", 2040, -525.98, 0],
		[340, "PAD199", "B", 2115, -635, 0],
		[341, "PAD200", "T", 107.3753, -1561.7247, 0],
		[342, "PAD201", "T", 28.6353, -1561.7247, 0],
		[343, "PAD202", "T", 271.7323, -1659.6217, 0],
		[344, "PAD203", "T", 192.9923, -1659.6217, 0],
		[345, "PAD204", "T", 436.0893, -1659.6217, 0],
		[346, "PAD205", "T", 357.3493, -1659.6217, 0]
	]
},
"pins": {
	"fields": ["PIN_NO", "PIN_NAME", "PIN_X", "PIN_Y", "LAYER", "PIN_TYPE", "NET_NAME", "NET_TYPE", "PAD_SHAPE", "PAD_SIZEX", "PAD_SIZEY", "HOLE_SIZE", "HOLE_LEN", "PAD_ANGLE"],
	"rows": [
		[1, "C1_1", 927.3, -290, "B", "SMD", "GND", "GND", "R", 58.465, 68.031, 0, 0, 0],
		[2, "C1_2", 1052.7, -290, "B", "SMD", "VBUS", "", "R", 58.465, 68.031, 0, 0, 0],
		[3, "C2_1", 924.6, -187.3, "B", "SMD", "GND", "GND", "R", 58.465, 68.031, 0, 0, 0],
		[4, "C2_2", 1050, -187.3, "B", "SMD", "VBUS", "", "R", 58.465, 68.031, 0, 0, 0],
		[5, "C3_1", 727.7, -65, "B", "SMD", "GND", "GND", "R", 58.465, 68.031, 0, 0, 270],
		[6, "C3_2", 727.7, -190.4, "B", "SMD", "+5V", "", "R", 58.465, 68.031, 0, 0, 270],
		[7, "C4_1", 632.3, -64.6, "B", "SMD", "GND", "GND", "R", 58.465, 68.031, 0, 0, 270],
		[8, "C4_2", 632.3, -190, "B", "SMD", "+5V", "", "R", 58.465, 68.031, 0, 0, 270],
		[9, "C5_1", 827.3, -64.6, "B", "SMD", "GND", "GND", "R", 58.465, 68.031, 0, 0, 270],
		[10, "C5_2", 827.3, -190, "B", "SMD", "+5V", "", "R", 58.465, 68.031, 0, 0, 270],
		[11, "C6_1", 2125, -97.7, "B", "SMD", "BAT-", "", "R", 58.465, 68.031, 0, 0, 180],
		[12, "C6_2", 1999.6, -97.7, "B", "SMD", "$1N13688", "", "R", 58.465, 68.031, 0, 0, 180],
		[13, "C7_1", 687.7, -720, "B", "SMD", "GND", "GND", "R", 58.465, 68.031, 0, 0, 180],
		[14, "C7_2", 562.3, -720, "B", "SMD", "$1N7101", "", "R", 58.465, 68.031, 0, 0, 180],
		[15, "C8_1", 87.3, -315, "B", "SMD", "GND", "GND", "R", 58.465, 68.031, 0, 0, 0],
		[16, "C8_2", 212.7, -315, "B", "SMD", "BAT+", "", "R", 58.465, 68.031, 0, 0, 0],
		[17, "C9_1", 2275, -577.3, "B", "SMD", "GND", "GND", "R", 58.465, 68.031, 0, 0, 270],
		[18, "C9_2", 2275, -702.7, "B", "SMD", "BAT+", "", "R", 58.465, 68.031, 0, 0, 270],
		[19, "C11_1", 1034.6, -857.3, "B", "SMD", "GND", "GND", "R", 58.465, 68.031, 0, 0, 180],
		[20, "C11_2", 909.2, -857.3, "B", "SMD", "CE_A", "", "R", 58.465, 68.031, 0, 0, 180],
		[21, "C12_1", 1955, -577.3, "B", "SMD", "GND", "GND", "R", 58.465, 68.031, 0, 0, 270],
		[22, "C12_2", 1955, -702.7, "B", "SMD", "BAT+", "", "R", 58.465, 68.031, 0, 0, 270],
		[23, "C13_1", 2372.7, -577.3, "B", "SMD", "GND", "GND", "R", 58.465, 68.031, 0, 0, 270],
		[24, "C13_2", 2372.7, -702.7, "B", "SMD", "BAT+", "", "R", 58.465, 68.031, 0, 0, 270],
		[25, "C14_1", 1587.3, -860, "B", "SMD", "GND", "GND", "R", 58.465, 68.031, 0, 0, 0],
		[26, "C14_2", 1712.7, -860, "B", "SMD", "CE_B", "", "R", 58.465, 68.031, 0, 0, 0],
		[27, "D1_1", 2635, -422.02, "B", "SMD", "GND", "GND", "R", 80.61, 88.228, 0, 0, 90],
		[28, "D1_2", 2635, -217.98, "B", "SMD", "VBUS", "", "R", 80.61, 88.228, 0, 0, 90],
		[29, "D2_1", 811.02, -965, "B", "SMD", "CE_A", "", "R", 39.37, 47.244, 0, 0, 180],
		[30, "D2_2", 688.98, -965, "B", "SMD", "$1N4317", "", "R", 39.37, 47.244, 0, 0, 180],
		[31, "D3_1", 1475, -670.0104, "B", "SMD", "GND", "GND", "R", 80.61, 88.228, 0, 0, 90],
		[32, "D3_2", 1475, -465.9704, "B", "SMD", "LEDA", "", "R", 80.61, 88.228, 0, 0, 90],
		[33, "D4_1", 1680, -670.0104, "B", "SMD", "GND", "GND", "R", 80.61, 88.228, 0, 0, 90],
		[34, "D4_2", 1680, -465.9704, "B", "SMD", "LEDB", "", "R", 80.61, 88.228, 0, 0, 90],
		[35, "D5_1", 971.02, -965, "B", "SMD", "CE_A", "", "R", 39.37, 47.244, 0, 0, 0],
		[36, "D5_2", 1093.06, -965, "B", "SMD", "$1N4465", "", "R", 39.37, 47.244, 0, 0, 0],
		[37, "D6_1", 1711.02, -957.96, "B", "SMD", "CE_B", "", "R", 39.37, 47.244, 0, 0, 180],
		[38, "D6_2", 1588.98, -957.96, "B", "SMD", "$1N4465", "", "R", 39.37, 47.244, 0, 0, 180],
		[39, "D7_1", 1866.02, -950, "B", "SMD", "CE_B", "", "R", 39.37, 47.244, 0, 0, 0],
		[40, "D7_2", 1988.06, -950, "B", "SMD", "$1N4424", "", "R", 39.37, 47.244, 0, 0, 0],
		[41, "J1_1", 2771.8507, -66.1455, "T", "DIP", "BAT-", "", "O", 39.37, 78.74, 19.686, 55.118, 270],
		[42, "J1_1", 2771.8507, -66.1455, "B", "DIP", "BAT-", "", "O", 39.37, 78.74, 19.686, 55.118, 270],
		[43, "J1_2", 2771.8507, -406.2955, "T", "DIP", "NET_1", "", "O", 39.37, 78.74, 19.686, 55.118, 270],
		[44, "J1_2", 2771.8507, -406.2955, "B", "DIP", "NET_1", "", "O", 39.37, 78.74, 19.686, 55.118, 270],
		[45, "J1_3", 2917.5207, -66.1455, "T", "DIP", "BAT-", "", "O", 39.37, 78.74, 19.686, 55.12, 270],
		[46, "J1_3", 2917.5207, -66.1455, "B", "DIP", "BAT-", "", "O", 39.37, 78.74, 19.686, 55.12, 270],
		[47, "J1_4", 2917.5207, -406.2955, "T", "DIP", "NET_2", "", "O", 39.37, 78.74, 19.686, 55.12, 270],
		[48, "J1_4", 2917.5207, -406.2955, "B", "DIP", "NET_2", "", "O", 39.37, 78.74, 19.686, 55.12, 270],
		[49, "J1_A12", 2751.7707, -344.4855, "B", "SMD", "GND", "GND", "R", 35.433, 43.307, 0, 0, 270],
		[50, "J1_A5", 2751.7707, -216.5355, "B", "SMD", "$1N21573", "", "R", 27.559, 43.307, 0, 0, 270],
		[51, "J1_A9", 2751.7707, -296.0655, "B", "SMD", "VBUS", "", "R", 31.496, 43.307, 0, 0, 270],
		[52, "J1_B12", 2751.7707, -127.9555, "B", "SMD", "GND", "GND", "R", 35.433, 43.307, 0, 0, 270],
		[53, "J1_B5", 2751.7707, -255.9055, "B", "SMD", "$1N21578", "", "R", 27.559, 43.307, 0, 0, 270],
		[54, "J1_B9", 2751.7707, -176.3755, "B", "SMD", "VBUS", "", "R", 31.496, 43.307, 0, 0, 270],
		[55, "J2_1", 1377.95, -512.0305, "T", "DIP", "LEDA", "", "C", 59.9999, 59.9999, 29.9999, 29.9999, 0],
		[56, "J2_1", 1377.95, -512.0305, "B", "DIP", "LEDA", "", "C", 59.9999, 59.9999, 29.9999, 29.9999, 0],
		[57, "J2_2", 1377.95, -612.0303, "T", "DIP", "GND", "GND", "C", 59.9999, 59.9999, 29.9999, 29.9999, 0],
		[58, "J2_2", 1377.95, -612.0303, "B", "DIP", "GND", "GND", "C", 59.9999, 59.9999, 29.9999, 29.9999, 0],
		[59, "J2_3", 1574.8, -510.8494, "T", "DIP", "LEDB", "", "C", 59.9999, 59.9999, 29.9999, 29.9999, 0],
		[60, "J2_3", 1574.8, -510.8494, "B", "DIP", "LEDB", "", "C", 59.9999, 59.9999, 29.9999, 29.9999, 0],
		[61, "J2_4", 1574.8, -610.8492, "T", "DIP", "GND", "GND", "C", 59.9999, 59.9999, 29.9999, 29.9999, 0],
		[62, "J2_4", 1574.8, -610.8492, "B", "DIP", "GND", "GND", "C", 59.9999, 59.9999, 29.9999, 29.9999, 0],
		[63, "J2_999", 135.8265, -562.0304, "T", "DIP", "NET_3", "", "C", 0.1, 0.1, 125.984, 125.984, 0],
		[64, "J2_999", 135.8265, -562.0304, "B", "DIP", "NET_3", "", "C", 0.1, 0.1, 125.984, 125.984, 0],
		[65, "J2_999", 2852.3565, -562.0304, "T", "DIP", "NET_4", "", "C", 0.1, 0.1, 125.984, 125.984, 0],
		[66, "J2_999", 2852.3565, -562.0304, "B", "DIP", "NET_4", "", "C", 0.1, 0.1, 125.984, 125.984, 0],
		[67, "LED1_1", 1208.65, -510, "B", "SMD", "$1N5221", "", "R", 39.37, 55.1, 0, 0, 0],
		[68, "LED1_2", 1291.35, -510, "B", "SMD", "$1N5164", "", "R", 39.37, 55.1, 0, 0, 0],
		[69, "LED2_1", 1292.0991, -608.0067, "B", "SMD", "$1N5164", "", "R", 39.37, 55.1, 0, 0, 180],
		[70, "LED2_2", 1209.3991, -608.0067, "B", "SMD", "$1N5221", "", "R", 39.37, 55.1, 0, 0, 180],
		[71, "LED3_1", 1208.65, -703.412, "B", "SMD", "$1N5205", "", "R", 39.37, 55.1, 0, 0, 0],
		[72, "LED3_2", 1291.35, -703.412, "B", "SMD", "$1N5164", "", "R", 39.37, 55.1, 0, 0, 0],
		[73, "LED4_1", 1291.35, -795, "B", "SMD", "$1N5164", "", "R", 39.37, 55.1, 0, 0, 180],
		[74, "LED4_2", 1208.65, -795, "B", "SMD", "$1N5205", "", "R", 39.37, 55.1, 0, 0, 180],
		[75, "R1_1", 1845, -596.89, "B", "SMD", "$1N13688", "", "R", 44.588, 54.213, 0, 0, 270],
		[76, "R1_2", 1845, -675.63, "B", "SMD", "BAT+", "", "R", 44.588, 54.213, 0, 0, 270],
		[77, "R2_1", 1814.3548, -198.74, "B", "SMD", "GND", "GND", "R", 44.588, 54.213, 0, 0, 270],
		[78, "R2_2", 1814.3548, -277.48, "B", "SMD", "$1N13509", "", "R", 44.588, 54.213, 0, 0, 270],
		[79, "R3_1", 1308.22, -890, "B", "SMD", "$1N5164", "", "R", 47.54, 66.969, 0, 0, 180],
		[80, "R3_2", 1191.78, -890, "B", "SMD", "$1N5157", "", "R", 47.54, 66.969, 0, 0, 180],
		[81, "R4_1", 503.22, -875, "B", "SMD", "$1N5255", "", "R", 47.54, 66.969, 0, 0, 180],
		[82, "R4_2", 386.78, -875, "B", "SMD", "$1N6905", "", "R", 47.54, 66.969, 0, 0, 180],
		[83, "R5_1", 2326.0015, -905.5118, "T", "DIP", "$1N13861", "", "C", 60, 60, 30, 30, 0],
		[84, "R5_1", 2326.0015, -905.5118, "B", "DIP", "$1N13861", "", "C", 60, 60, 30, 30, 0],
		[85, "R5_2", 2426.0015, -905.5118, "T", "DIP", "$1N3617", "", "C", 60, 60, 30, 30, 0],
		[86, "R5_2", 2426.0015, -905.5118, "B", "DIP", "$1N3617", "", "C", 60, 60, 30, 30, 0],
		[87, "R5_3", 2526.0015, -905.5118, "T", "DIP", "$1N3617", "", "C", 60, 60, 30, 30, 0],
		[88, "R5_3", 2526.0015, -905.5118, "B", "DIP", "$1N3617", "", "C", 60, 60, 30, 30, 0],
		[89, "R6_1", 805, -856.78, "B", "SMD", "CE_A", "", "R", 47.54, 66.969, 0, 0, 180],
		[90, "R6_2", 688.56, -856.78, "B", "SMD", "GND", "GND", "R", 47.54, 66.969, 0, 0, 180],
		[91, "R7_1", 2590, -911.78, "B", "SMD", "$1N3617", "", "R", 47.54, 66.969, 0, 0, 0],
		[92, "R7_2", 2706.44, -911.78, "B", "SMD", "GND", "GND", "R", 47.54, 66.969, 0, 0, 0],
		[93, "R8_1", 2325.6015, -1141.7323, "T", "DIP", "$1N13830", "", "C", 60, 60, 30, 30, 0],
		[94, "R8_1", 2325.6015, -1141.7323, "B", "DIP", "$1N13830", "", "C", 60, 60, 30, 30, 0],
		[95, "R8_2", 2425.6015, -1141.7323, "T", "DIP", "$1N3639", "", "C", 60, 60, 30, 30, 0],
		[96, "R8_2", 2425.6015, -1141.7323, "B", "DIP", "$1N3639", "", "C", 60, 60, 30, 30, 0],
		[97, "R8_3", 2525.6015, -1141.7323, "T", "DIP", "$1N3639", "", "C", 60, 60, 30, 30, 0],
		[98, "R8_3", 2525.6015, -1141.7323, "B", "DIP", "$1N3639", "", "C", 60, 60, 30, 30, 0],
		[99, "R9_1", 1868.22, -855, "B", "SMD", "CE_B", "", "R", 47.54, 66.969, 0, 0, 0],
		[100, "R9_2", 1984.66, -855, "B", "SMD", "GND", "GND", "R", 47.54, 66.969, 0, 0, 0],
		[101, "R10_1", 2590, -1141.78, "B", "SMD", "$1N3639", "", "R", 47.54, 66.969, 0, 0, 0],
		[102, "R10_2", 2706.44, -1141.78, "B", "SMD", "GND", "GND", "R", 47.54, 66.969, 0, 0, 0],
		[103, "R11_1", 28.6353, -1561.7247, "T", "SMD", "GND", "GND", "R", 44.588, 54.213, 0, 0, 0],
		[104, "R11_2", 107.3753, -1561.7247, "T", "SMD", "+5V", "", "R", 44.588, 54.213, 0, 0, 0],
		[105, "R12_1", 192.9923, -1659.6217, "T", "SMD", "GND", "GND", "R", 44.588, 54.213, 0, 0, 0],
		[106, "R12_2", 271.7323, -1659.6217, "T", "SMD", "$1N21573", "", "R", 44.588, 54.213, 0, 0, 0],
		[107, "R13_1", 357.3493, -1659.6217, "T", "SMD", "GND", "GND", "R", 44.588, 54.213, 0, 0, 0],
		[108, "R13_2", 436.0893, -1659.6217, "T", "SMD", "$1N21578", "", "R", 44.588, 54.213, 0, 0, 0],
		[109, "SCREW1_1", 1624.0125, -1102.36, "T", "DIP", "NET_5", "", "C", 78.7402, 78.7402, 78.7402, 78.7402, 0],
		[110, "SCREW1_1", 1624.0125, -1102.36, "B", "DIP", "NET_5", "", "C", 78.7402, 78.7402, 78.7402, 78.7402, 0],
		[111, "SCREW2_1", 1033.4625, -1102.36, "T", "DIP", "NET_6", "", "C", 78.7402, 78.7402, 78.7402, 78.7402, 0],
		[112, "SCREW2_1", 1033.4625, -1102.36, "B", "DIP", "NET_6", "", "C", 78.7402, 78.7402, 78.7402, 78.7402, 0],
		[113, "SCREW3_1", 2480.31, -118.11, "T", "DIP", "NET_7", "", "C", 78.7402, 78.7402, 78.7402, 78.7402, 0],
		[114, "SCREW3_1", 2480.31, -118.11, "B", "DIP", "NET_7", "", "C", 78.7402, 78.7402, 78.7402, 78.7402, 0],
		[115, "SCREW4_1", 511.81, -118.11, "T", "DIP", "NET_8", "", "C", 78.7402, 78.7402, 78.7402, 78.7402, 0],
		[116, "SCREW4_1", 511.81, -118.11, "B", "DIP", "NET_8", "", "C", 78.7402, 78.7402, 78.7402, 78.7402, 0],
		[117, "SCREW5_1", 2832.1457, -1099.8622, "T", "DIP", "NET_9", "", "C", 126, 126, 126, 126, 0],
		[118, "SCREW5_1", 2832.1457, -1099.8622, "B", "DIP", "NET_9", "", "C", 126, 126, 126, 126, 0],
		[119, "SCREW6_1", 154.9803, -1099.8622, "T", "DIP", "NET_10", "", "C", 126, 126, 126, 126, 0],
		[120, "SCREW6_1", 154.9803, -1099.8622, "B", "DIP", "NET_10", "", "C", 126, 126, 126, 126, 0],
		[121, "SW1_1", 297.68, -757.68, "B", "SMD", "$1N6905", "", "R", 41.339, 27.559, 0, 0, 180],
		[122, "SW1_2", 132.32, -757.68, "B", "SMD", "$1N6905", "", "R", 41.339, 27.559, 0, 0, 180],
		[123, "SW1_3", 297.68, -842.32, "B", "SMD", "GND", "GND", "R", 41.339, 27.559, 0, 0, 180],
		[124, "SW1_4", 132.32, -842.32, "B", "SMD", "GND", "GND", "R", 41.339, 27.559, 0, 0, 180],
		[125, "U1_1", 1987.64, -280.48, "B", "SMD", "$1N13537", "", "R", 20.945, 42.205, 0, 0, 180],
		[126, "U1_2", 1950.24, -280.48, "B", "SMD", "$1N13509", "", "R", 20.945, 42.205, 0, 0, 180],
		[127, "U1_3", 1912.84, -280.48, "B", "SMD", "$1N13530", "", "R", 20.945, 42.205, 0, 0, 180],
		[128, "U1_4", 1912.84, -190, "B", "SMD", "NET_11", "", "R", 20.945, 42.205, 0, 0, 180],
		[129, "U1_5", 1950.24, -190, "B", "SMD", "$1N13688", "", "R", 20.945, 42.205, 0, 0, 180],
		[130, "U1_6", 1987.64, -190, "B", "SMD", "BAT-", "", "R", 20.945, 42.205, 0, 0, 180],
		[131, "U2_1", 728.82, -460, "B", "SMD", "$1N6778", "", "R", 137.795, 137.795, 0, 0, 180],
		[132, "U2_2", 321.18, -460, "B", "SMD", "BAT+", "", "R", 137.795, 137.795, 0, 0, 180],
		[133, "U3_1", 1109.5, -385, "B", "SMD", "VBUS", "", "R", 23.622, 47.244, 0, 0, 270],
		[134, "U3_2", 1109.5, -435, "B", "SMD", "$1N5221", "", "R", 23.622, 47.244, 0, 0, 270],
		[135, "U3_3", 1109.5, -485, "B", "SMD", "$1N5205", "", "R", 23.622, 47.244, 0, 0, 270],
		[136, "U3_4", 1109.5, -535, "B", "SMD", "$1N5157", "", "R", 23.622, 47.244, 0, 0, 270],
		[137, "U3_5", 880.5, -535, "B", "SMD", "$1N5255", "", "R", 23.622, 47.244, 0, 0, 270],
		[138, "U3_6", 880.5, -485, "B", "SMD", "$1N7101", "", "R", 23.622, 47.244, 0, 0, 270],
		[139, "U3_7", 880.5, -435, "B", "SMD", "$1N6778", "", "R", 23.622, 47.244, 0, 0, 270],
		[140, "U3_8", 880.5, -385, "B", "SMD", "+5V", "", "R", 23.622, 47.244, 0, 0, 270],
		[141, "U3_9", 995, -460, "B", "SMD", "GND", "GND", "R", 129.921, 94.488, 0, 0, 90],
		[142, "U4_1", 444.32, -704.66, "B", "SMD", "$1N7101", "", "R", 31.751, 34.016, 0, 0, 180],
		[143, "U4_2", 385, -704.66, "B", "SMD", "BAT+", "", "R", 31.751, 34.016, 0, 0, 180],
		[144, "U5_1", 2350.24, -201.61, "B", "SMD", "NET_12", "", "O", 13.898, 57.244, 0, 0, 270],
		[145, "U5_2", 2350.24, -227.21, "B", "SMD", "BAT-", "", "O", 13.898, 57.244, 0, 0, 270],
		[146, "U5_3", 2350.24, -252.8, "B", "SMD", "BAT-", "", "O", 13.898, 57.244, 0, 0, 270],
		[147, "U5_4", 2350.24, -278.39, "B", "SMD", "$1N13537", "", "O", 13.898, 57.244, 0, 0, 270],
		[148, "U5_5", 2119.76, -278.39, "B", "SMD", "$1N13530", "", "O", 13.898, 57.244, 0, 0, 270],
		[149, "U5_6", 2119.76, -252.8, "B", "SMD", "GND", "GND", "O", 13.898, 57.244, 0, 0, 270],
		[150, "U5_7", 2119.76, -227.21, "B", "SMD", "GND", "GND", "O", 13.898, 57.244, 0, 0, 270],
		[151, "U5_8", 2119.76, -201.61, "B", "SMD", "NET_13", "", "O", 13.898, 57.244, 0, 0, 270],
		[152, "U6_1", 2605, -744.02, "B", "SMD", "$1N13861", "", "O", 22.598, 80.236, 0, 0, 180],
		[153, "U6_2", 2555, -744.02, "B", "SMD", "GND", "GND", "O", 22.598, 80.236, 0, 0, 180],
		[154, "U6_3", 2505, -744.02, "B", "SMD", "BAT+", "", "O", 22.598, 80.236, 0, 0, 180],
		[155, "U6_4", 2455, -744.02, "B", "SMD", "BAT+", "", "O", 22.598, 80.236, 0, 0, 180],
		[156, "U6_5", 2455, -525.98, "B", "SMD", "LEDA", "", "O", 22.598, 80.236, 0, 0, 180],
		[157, "U6_6", 2505, -525.98, "B", "SMD", "LEDA", "", "O", 22.598, 80.236, 0, 0, 180],
		[158, "U6_7", 2555, -525.98, "B", "SMD", "NET_14", "", "O", 22.598, 80.236, 0, 0, 180],
		[159, "U6_8", 2605, -525.98, "B", "SMD", "CE_A", "", "O", 22.598, 80.236, 0, 0, 180],
		[160, "U6_9", 2530, -635, "B", "SMD", "GND", "GND", "R", 78.74, 78.74, 0, 0, 180],
		[161, "U7_1", 836.6165, -1142.1287, "T", "DIP", "BAT+", "", "C", 60, 60, 39.37, 39.37, 180],
		[162, "U7_1", 836.6165, -1142.1287, "B", "DIP", "BAT+", "", "C", 60, 60, 39.37, 39.37, 180],
		[163, "U7_2", 659.4465, -1142.1287, "T", "DIP", "$1N4317", "", "C", 60, 60, 39.37, 39.37, 180],
		[164, "U7_2", 659.4465, -1142.1287, "B", "DIP", "$1N4317", "", "C", 60, 60, 39.37, 39.37, 180],
		[165, "U7_3", 885.8265, -1043.6987, "T", "DIP", "GND", "GND", "C", 98.425, 98.425, 59.056, 59.056, 180],
		[166, "U7_3", 885.8265, -1043.6987, "B", "DIP", "GND", "GND", "C", 98.425, 98.425, 59.056, 59.056, 180],
		[167, "U7_4", 610.2365, -1043.6987, "T", "DIP", "GND", "GND", "C", 98.425, 98.425, 59.056, 59.056, 180],
		[168, "U7_4", 610.2365, -1043.6987, "B", "DIP", "GND", "GND", "C", 98.425, 98.425, 59.056, 59.056, 180],
		[169, "U8_1", 1427.1677, -1142.1287, "T", "DIP", "BAT+", "", "C", 60, 60, 39.37, 39.37, 180],
		[170, "U8_1", 1427.1677, -1142.1287, "B", "DIP", "BAT+", "", "C", 60, 60, 39.37, 39.37, 180],
		[171, "U8_2", 1249.9977, -1142.1287, "T", "DIP", "$1N4465", "", "C", 60, 60, 39.37, 39.37, 180],
		[172, "U8_2", 1249.9977, -1142.1287, "B", "DIP", "$1N4465", "", "C", 60, 60, 39.37, 39.37, 180],
		[173, "U8_3", 1476.3777, -1043.6987, "T", "DIP", "GND", "GND", "C", 98.425, 98.425, 59.056, 59.056, 180],
		[174, "U8_3", 1476.3777, -1043.6987, "B", "DIP", "GND", "GND", "C", 98.425, 98.425, 59.056, 59.056, 180],
		[175, "U8_4", 1200.7877, -1043.6987, "T", "DIP", "GND", "GND", "C", 98.425, 98.425, 59.056, 59.056, 180],
		[176, "U8_4", 1200.7877, -1043.6987, "B", "DIP", "GND", "GND", "C", 98.425, 98.425, 59.056, 59.056, 180],
		[177, "U9_1", 2190, -744.02, "B", "SMD", "$1N13830", "", "O", 22.598, 80.236, 0, 0, 180],
		[178, "U9_2", 2140, -744.02, "B", "SMD", "GND", "GND", "O", 22.598, 80.236, 0, 0, 180],
		[179, "U9_3", 2090, -744.02, "B", "SMD", "BAT+", "", "O", 22.598, 80.236, 0, 0, 180],
		[180, "U9_4", 2040, -744.02, "B", "SMD", "BAT+", "", "O", 22.598, 80.236, 0, 0, 180],
		[181, "U9_5", 2040, -525.98, "B", "SMD", "LEDB", "", "O", 22.598, 80.236, 0, 0, 180],
		[182, "U9_6", 2090, -525.98, "B", "SMD", "LEDB", "", "O", 22.598, 80.236, 0, 0, 180],
		[183, "U9_7", 2140, -525.98, "B", "SMD", "NET_15", "", "O", 22.598, 80.236, 0, 0, 180],
		[184, "U9_8", 2190, -525.98, "B", "SMD", "CE_B", "", "O", 22.598, 80.236, 0, 0, 180],
		[185, "U9_9", 2115, -635, "B", "SMD", "GND", "GND", "R", 78.74, 78.74, 0, 0, 180],
		[186, "U10_1", 2017.7189, -1142.1287, "T", "DIP", "BAT+", "", "C", 60, 60, 39.37, 39.37, 180],
		[187, "U10_1", 2017.7189, -1142.1287, "B", "DIP", "BAT+", "", "C", 60, 60, 39.37, 39.37, 180],
		[188, "U10_2", 1840.5489, -1142.1287, "T", "DIP", "$1N4424", "", "C", 60, 60, 39.37, 39.37, 180],
		[189, "U10_2", 1840.5489, -1142.1287, "B", "DIP", "$1N4424", "", "C", 60, 60, 39.37, 39.37, 180],
		[190, "U10_3", 2066.9289, -1043.6987, "T", "DIP", "GND", "GND", "C", 98.425, 98.425, 59.056, 59.056, 180],
		[191, "U10_3", 2066.9289, -1043.6987, "B", "DIP", "GND", "GND", "C", 98.425, 98.425, 59.056, 59.056, 180],
		[192, "U10_4", 1791.3389, -1043.6987, "T", "DIP", "GND", "GND", "C", 98.425, 98.425, 59.056, 59.056, 180],
		[193, "U10_4", 1791.3389, -1043.6987, "B", "DIP", "GND", "GND", "C", 98.425, 98.425, 59.056, 59.056, 180],
		[194, "PAD1_1", 270, -50, "T", "DIP", "BAT+", "", "C", 60, 60, 36, 36, 0],
		[195, "PAD1_1", 270, -50, "B", "DIP", "BAT+", "", "C", 60, 60, 36, 36, 0],
		[196, "PAD2_1", 1020, -420, "T", "DIP", "GND", "GND", "C", 39.3701, 39.3701, 19.685, 19.685, 0],
		[197, "PAD2_1", 1020, -420, "B", "DIP", "GND", "GND", "C", 39.3701, 39.3701, 19.685, 19.685, 0],
		[198, "PAD3_1", 1020, -500, "T", "DIP", "GND", "GND", "C", 39.3701, 39.3701, 19.685, 19.685, 0],
		[199, "PAD3_1", 1020, -500, "B", "DIP", "GND", "GND", "C", 39.3701, 39.3701, 19.685, 19.685, 0],
		[200, "PAD4_1", 970, -420, "T", "DIP", "GND", "GND", "C", 39.3701, 39.3701, 19.685, 19.685, 0],
		[201, "PAD4_1", 970, -420, "B", "DIP", "GND", "GND", "C", 39.3701, 39.3701, 19.685, 19.685, 0],
		[202, "PAD5_1", 970, -500, "T", "DIP", "GND", "GND", "C", 39.3701, 39.3701, 19.685, 19.685, 0],
		[203, "PAD5_1", 970, -500, "B", "DIP", "GND", "GND", "C", 39.3701, 39.3701, 19.685, 19.685, 0],
		[204, "PAD6_1", 1925, -130, "T", "DIP", "$1N13688", "", "C", 39.3701, 39.3701, 19.685, 19.685, 0],
		[205, "PAD6_1", 1925, -130, "B", "DIP", "$1N13688", "", "C", 39.3701, 39.3701, 19.685, 19.685, 0],
		[206, "PAD7_1", 2190, -270, "T", "DIP", "GND", "GND", "C", 39.3701, 39.3701, 19.685, 19.685, 0],
		[207, "PAD7_1", 2190, -270, "B", "DIP", "GND", "GND", "C", 39.3701, 39.3701, 19.685, 19.685, 0],
		[208, "PAD8_1", 2190, -225, "T", "DIP", "GND", "GND", "C", 39.3701, 39.3701, 19.685, 19.685, 0],
		[209, "PAD8_1", 2190, -225, "B", "DIP", "GND", "GND", "C", 39.3701, 39.3701, 19.685, 19.685, 0],
		[210, "PAD9_1", 2230, -250, "T", "DIP", "GND", "GND", "C", 39.3701, 39.3701, 19.685, 19.685, 0],
		[211, "PAD9_1", 2230, -250, "B", "DIP", "GND", "GND", "C", 39.3701, 39.3701, 19.685, 19.685, 0],
		[212, "PAD10_1", 2605, -815, "T", "DIP", "$1N13861", "", "C", 39.3701, 39.3701, 19.685, 19.685, 0],
		[213, "PAD10_1", 2605, -815, "B", "DIP", "$1N13861", "", "C", 39.3701, 39.3701, 19.685, 19.685, 0],
		[214, "PAD11_1", 2190, -815, "T", "DIP", "$1N13830", "", "C", 39.3701, 39.3701, 19.685, 19.685, 0],
		[215, "PAD11_1", 2190, -815, "B", "DIP", "$1N13830", "", "C", 39.3701, 39.3701, 19.685, 19.685, 0],
		[216, "PAD12_1", 2190, -450, "T", "DIP", "CE_B", "", "C", 39.3701, 39.3701, 19.685, 19.685, 0],
		[217, "PAD12_1", 2190, -450, "B", "DIP", "CE_B", "", "C", 39.3701, 39.3701, 19.685, 19.685, 0],
		[218, "PAD13_1", 2650, -530, "T", "DIP", "CE_A", "", "C", 39.3701, 39.3701, 19.685, 19.685, 0],
		[219, "PAD13_1", 2650, -530, "B", "DIP", "CE_A", "", "C", 39.3701, 39.3701, 19.685, 19.685, 0],
		[220, "PAD14_1", 1820, -510, "T", "DIP", "$1N13688", "", "C", 39.3701, 39.3701, 19.685, 19.685, 0],
		[221, "PAD14_1", 1820, -510, "B", "DIP", "$1N13688", "", "C", 39.3701, 39.3701, 19.685, 19.685, 0],
		[222, "PAD15_1", 875, -935, "T", "DIP", "CE_A", "", "C", 39.3701, 39.3701, 19.685, 19.685, 0],
		[223, "PAD15_1", 875, -935, "B", "DIP", "CE_A", "", "C", 39.3701, 39.3701, 19.685, 19.685, 0],
		[224, "PAD16_1", 1790, -915, "T", "DIP", "CE_B", "", "C", 39.3701, 39.3701, 19.685, 19.685, 0],
		[225, "PAD16_1", 1790, -915, "B", "DIP", "CE_B", "", "C", 39.3701, 39.3701, 19.685, 19.685, 0],
		[226, "PAD17_1", 2240, -50, "T", "DIP", "VBUS", "", "C", 39.3701, 39.3701, 19.685, 19.685, 90],
		[227, "PAD17_1", 2240, -50, "B", "DIP", "VBUS", "", "C", 39.3701, 39.3701, 19.685, 19.685, 90],
		[228, "PAD18_1", 2240, -100, "T", "DIP", "VBUS", "", "C", 39.3701, 39.3701, 19.685, 19.685, 90],
		[229, "PAD18_1", 2240, -100, "B", "DIP", "VBUS", "", "C", 39.3701, 39.3701, 19.685, 19.685, 90],
		[230, "PAD19_1", 2275, -75, "T", "DIP", "VBUS", "", "C", 39.3701, 39.3701, 19.685, 19.685, 90],
		[231, "PAD19_1", 2275, -75, "B", "DIP", "VBUS", "", "C", 39.3701, 39.3701, 19.685, 19.685, 90],
		[232, "PAD20_1", 1130, -215, "T", "DIP", "VBUS", "", "C", 39.3701, 39.3701, 19.685, 19.685, 90],
		[233, "PAD20_1", 1130, -215, "B", "DIP", "VBUS", "", "C", 39.3701, 39.3701, 19.685, 19.685, 90],
		[234, "PAD21_1", 1130, -265, "T", "DIP", "VBUS", "", "C", 39.3701, 39.3701, 19.685, 19.685, 90],
		[235, "PAD21_1", 1130, -265, "B", "DIP", "VBUS", "", "C", 39.3701, 39.3701, 19.685, 19.685, 90],
		[236, "PAD22_1", 1165, -240, "T", "DIP", "VBUS", "", "C", 39.3701, 39.3701, 19.685, 19.685, 90],
		[237, "PAD22_1", 1165, -240, "B", "DIP", "VBUS", "", "C", 39.3701, 39.3701, 19.685, 19.685, 90],
		[238, "PAD23_1", 2420, -295, "T", "DIP", "BAT-", "", "C", 39.3701, 39.3701, 19.685, 19.685, 90],
		[239, "PAD23_1", 2420, -295, "B", "DIP", "BAT-", "", "C", 39.3701, 39.3701, 19.685, 19.685, 90],
		[240, "PAD24_1", 2465, -295, "T", "DIP", "BAT-", "", "C", 39.3701, 39.3701, 19.685, 19.685, 90],
		[241, "PAD24_1", 2465, -295, "B", "DIP", "BAT-", "", "C", 39.3701, 39.3701, 19.685, 19.685, 90],
		[242, "PAD25_1", 2440, -255, "T", "DIP", "BAT-", "", "C", 39.3701, 39.3701, 19.685, 19.685, 90],
		[243, "PAD25_1", 2440, -255, "B", "DIP", "BAT-", "", "C", 39.3701, 39.3701, 19.685, 19.685, 90],
		[244, "PAD26_1", 2490, -255, "T", "DIP", "BAT-", "", "C", 39.3701, 39.3701, 19.685, 19.685, 90],
		[245, "PAD26_1", 2490, -255, "B", "DIP", "BAT-", "", "C", 39.3701, 39.3701, 19.685, 19.685, 90],
		[246, "PAD27_1", 2510, -295, "T", "DIP", "BAT-", "", "C", 39.3701, 39.3701, 19.685, 19.685, 90],
		[247, "PAD27_1", 2510, -295, "B", "DIP", "BAT-", "", "C", 39.3701, 39.3701, 19.685, 19.685, 90],
		[248, "PAD28_1", 273.8555, -117.5, "T", "DIP", "BAT+", "", "C", 60, 60, 36, 36, 0],
		[249, "PAD28_1", 273.8555, -117.5, "B", "DIP", "BAT+", "", "C", 60, 60, 36, 36, 0],
		[250, "PAD29_1", 273.8555, -187.5, "T", "DIP", "BAT+", "", "C", 60, 60, 36, 36, 0],
		[251, "PAD29_1", 273.8555, -187.5, "B", "DIP", "BAT+", "", "C", 60, 60, 36, 36, 0],
		[252, "PAD30_1", 348.8555, -187.5, "T", "DIP", "BAT+", "", "C", 60, 60, 36, 36, 0],
		[253, "PAD30_1", 348.8555, -187.5, "B", "DIP", "BAT+", "", "C", 60, 60, 36, 36, 0],
		[254, "PAD31_1", 348.8555, -112.5, "T", "DIP", "BAT+", "", "C", 60, 60, 36, 36, 0],
		[255, "PAD31_1", 348.8555, -112.5, "B", "DIP", "BAT+", "", "C", 60, 60, 36, 36, 0],
		[256, "PAD32_1", 348.8555, -47.5, "T", "DIP", "BAT+", "", "C", 60, 60, 36, 36, 0],
		[257, "PAD32_1", 348.8555, -47.5, "B", "DIP", "BAT+", "", "C", 60, 60, 36, 36, 0],
		[258, "PAD33_1", 80, -385, "T", "DIP", "GND", "GND", "C", 39.3701, 39.3701, 19.685, 19.685, 0],
		[259, "PAD33_1", 80, -385, "B", "DIP", "GND", "GND", "C", 39.3701, 39.3701, 19.685, 19.685, 0],
		[260, "PAD34_1", 35, -420, "T", "DIP", "GND", "GND", "C", 39.3701, 39.3701, 19.685, 19.685, 0],
		[261, "PAD34_1", 35, -420, "B", "DIP", "GND", "GND", "C", 39.3701, 39.3701, 19.685, 19.685, 0],
		[262, "PAD35_1", 500, -1045, "T", "DIP", "GND", "GND", "C", 39.3701, 39.3701, 19.685, 19.685, 0],
		[263, "PAD35_1", 500, -1045, "B", "DIP", "GND", "GND", "C", 39.3701, 39.3701, 19.685, 19.685, 0],
		[264, "PAD36_1", 465, -1010, "T", "DIP", "GND", "GND", "C", 39.3701, 39.3701, 19.685, 19.685, 0],
		[265, "PAD36_1", 465, -1010, "B", "DIP", "GND", "GND", "C", 39.3701, 39.3701, 19.685, 19.685, 0],
		[266, "PAD37_1", 430, -970, "T", "DIP", "GND", "GND", "C", 39.3701, 39.3701, 19.685, 19.685, 0],
		[267, "PAD37_1", 430, -970, "B", "DIP", "GND", "GND", "C", 39.3701, 39.3701, 19.685, 19.685, 0],
		[268, "PAD38_1", 215, -805, "T", "DIP", "GND", "GND", "C", 39.3701, 39.3701, 19.685, 19.685, 0],
		[269, "PAD38_1", 215, -805, "B", "DIP", "GND", "GND", "C", 39.3701, 39.3701, 19.685, 19.685, 0],
		[270, "PAD39_1", 2710, -1080, "T", "DIP", "GND", "GND", "C", 39.3701, 39.3701, 19.685, 19.685, 0],
		[271, "PAD39_1", 2710, -1080, "B", "DIP", "GND", "GND", "C", 39.3701, 39.3701, 19.685, 19.685, 0],
		[272, "PAD40_1", 2705, -965, "T", "DIP", "GND", "GND", "C", 39.3701, 39.3701, 19.685, 19.685, 0],
		[273, "PAD40_1", 2705, -965, "B", "DIP", "GND", "GND", "C", 39.3701, 39.3701, 19.685, 19.685, 0],
		[274, "PAD41_1", 2275, -515, "T", "DIP", "GND", "GND", "C", 39.3701, 39.3701, 19.685, 19.685, 0],
		[275, "PAD41_1", 2275, -515, "B", "DIP", "GND", "GND", "C", 39.3701, 39.3701, 19.685, 19.685, 0],
		[276, "PAD42_1", 2340, -515, "T", "DIP", "GND", "GND", "C", 39.3701, 39.3701, 19.685, 19.685, 0],
		[277, "PAD42_1", 2340, -515, "B", "DIP", "GND", "GND", "C", 39.3701, 39.3701, 19.685, 19.685, 0],
		[278, "PAD43_1", 1605, -680, "T", "DIP", "GND", "GND", "C", 39.3701, 39.3701, 19.685, 19.685, 0],
		[279, "PAD43_1", 1605, -680, "B", "DIP", "GND", "GND", "C", 39.3701, 39.3701, 19.685, 19.685, 0],
		[280, "PAD44_1", 1550, -680, "T", "DIP", "GND", "GND", "C", 39.3701, 39.3701, 19.685, 19.685, 0],
		[281, "PAD44_1", 1550, -680, "B", "DIP", "GND", "GND", "C", 39.3701, 39.3701, 19.685, 19.685, 0],
		[282, "PAD45_1", 1390, -680, "T", "DIP", "GND", "GND", "C", 39.3701, 39.3701, 19.685, 19.685, 0],
		[283, "PAD45_1", 1390, -680, "B", "DIP", "GND", "GND", "C", 39.3701, 39.3701, 19.685, 19.685, 0],
		[284, "PAD46_1", 745, -680, "T", "DIP", "GND", "GND", "C", 39.3701, 39.3701, 19.685, 19.685, 0],
		[285, "PAD46_1", 745, -680, "B", "DIP", "GND", "GND", "C", 39.3701, 39.3701, 19.685, 19.685, 0],
		[286, "PAD47_1", 795, -680, "T", "DIP", "GND", "GND", "C", 39.3701, 39.3701, 19.685, 19.685, 0],
		[287, "PAD47_1", 795, -680, "B", "DIP", "GND", "GND", "C", 39.3701, 39.3701, 19.685, 19.685, 0],
		[288, "PAD48_1", 575, -40, "T", "DIP", "GND", "GND", "C", 39.3701, 39.3701, 19.685, 19.685, 0],
		[289, "PAD48_1", 575, -40, "B", "DIP", "GND", "GND", "C", 39.3701, 39.3701, 19.685, 19.685, 0],
		[290, "PAD49_1", 890, -45, "T", "DIP", "GND", "GND", "C", 39.3701, 39.3701, 19.685, 19.685, 0],
		[291, "PAD49_1", 890, -45, "B", "DIP", "GND", "GND", "C", 39.3701, 39.3701, 19.685, 19.685, 0],
		[292, "PAD50_1", 935, -45, "T", "DIP", "GND", "GND", "C", 39.3701, 39.3701, 19.685, 19.685, 0],
		[293, "PAD50_1", 935, -45, "B", "DIP", "GND", "GND", "C", 39.3701, 39.3701, 19.685, 19.685, 0],
		[294, "PAD51_1", 2950, -1220, "T", "DIP", "GND", "GND", "C", 39.3701, 39.3701, 19.685, 19.685, 0],
		[295, "PAD51_1", 2950, -1220, "B", "DIP", "GND", "GND", "C", 39.3701, 39.3701, 19.685, 19.685, 0],
		[296, "PAD52_1", 2305, -1220, "T", "DIP", "GND", "GND", "C", 39.3701, 39.3701, 19.685, 19.685, 0],
		[297, "PAD52_1", 2305, -1220, "B", "DIP", "GND", "GND", "C", 39.3701, 39.3701, 19.685, 19.685, 0],
		[298, "PAD53_1", 2180, -615, "T", "DIP", "GND", "GND", "C", 39.3701, 39.3701, 19.685, 19.685, 0],
		[299, "PAD53_1", 2180, -615, "B", "DIP", "GND", "GND", "C", 39.3701, 39.3701, 19.685, 19.685, 0],
		[300, "PAD54_1", 2049.1642, -635, "T", "DIP", "GND", "GND", "C", 39.3701, 39.3701, 19.685, 19.685, 0],
		[301, "PAD54_1", 2049.1642, -635, "B", "DIP", "GND", "GND", "C", 39.3701, 39.3701, 19.685, 19.685, 0],
		[302, "PAD55_1", 2185, -660, "T", "DIP", "GND", "GND", "C", 39.3701, 39.3701, 19.685, 19.685, 0],
		[303, "PAD55_1", 2185, -660, "B", "DIP", "GND", "GND", "C", 39.3701, 39.3701, 19.685, 19.685, 0],
		[304, "PAD56_1", 2470, -655, "T", "DIP", "GND", "GND", "C", 39.3701, 39.3701, 19.685, 19.685, 0],
		[305, "PAD56_1", 2470, -655, "B", "DIP", "GND", "GND", "C", 39.3701, 39.3701, 19.685, 19.685, 0],
		[306, "PAD57_1", 2435, -615, "T", "DIP", "GND", "GND", "C", 39.3701, 39.3701, 19.685, 19.685, 0],
		[307, "PAD57_1", 2435, -615, "B", "DIP", "GND", "GND", "C", 39.3701, 39.3701, 19.685, 19.685, 0],
		[308, "PAD58_1", 2595, -660, "T", "DIP", "GND", "GND", "C", 39.3701, 39.3701, 19.685, 19.685, 0],
		[309, "PAD58_1", 2595, -660, "B", "DIP", "GND", "GND", "C", 39.3701, 39.3701, 19.685, 19.685, 0],
		[310, "PAD59_1", 2595, -610, "T", "DIP", "GND", "GND", "C", 39.3701, 39.3701, 19.685, 19.685, 0],
		[311, "PAD59_1", 2595, -610, "B", "DIP", "GND", "GND", "C", 39.3701, 39.3701, 19.685, 19.685, 0],
		[312, "PAD60_1", 2265, -270, "T", "DIP", "GND", "GND", "C", 39.3701, 39.3701, 19.685, 19.685, 0],
		[313, "PAD60_1", 2265, -270, "B", "DIP", "GND", "GND", "C", 39.3701, 39.3701, 19.685, 19.685, 0],
		[314, "PAD61_1", 2239.8418, -209.2195, "T", "DIP", "GND", "GND", "C", 39.3701, 39.3701, 19.685, 19.685, 0],
		[315, "PAD61_1", 2239.8418, -209.2195, "B", "DIP", "GND", "GND", "C", 39.3701, 39.3701, 19.685, 19.685, 0],
		[316, "PAD62_1", 1377.95, -512.0305, "T", "DIP", "LEDA", "", "C", 59.9999, 59.9999, 29.9999, 29.9999, 0],
		[317, "PAD62_1", 1377.95, -512.0305, "B", "DIP", "LEDA", "", "C", 59.9999, 59.9999, 29.9999, 29.9999, 0],
		[318, "PAD63_2", 1377.95, -612.0303, "T", "DIP", "GND", "GND", "C", 59.9999, 59.9999, 29.9999, 29.9999, 0],
		[319, "PAD63_2", 1377.95, -612.0303, "B", "DIP", "GND", "GND", "C", 59.9999, 59.9999, 29.9999, 29.9999, 0],
		[320, "PAD64_3", 1574.8, -510.8494, "T", "DIP", "LEDB", "", "C", 59.9999, 59.9999, 29.9999, 29.9999, 0],
		[321, "PAD64_3", 1574.8, -510.8494, "B", "DIP", "LEDB", "", "C", 59.9999, 59.9999, 29.9999, 29.9999, 0],
		[322, "PAD65_4", 1574.8, -610.8492, "T", "DIP", "GND", "GND", "C", 59.9999, 59.9999, 29.9999, 29.9999, 0],
		[323, "PAD65_4", 1574.8, -610.8492, "B", "DIP", "GND", "GND", "C", 59.9999, 59.9999, 29.9999, 29.9999, 0],
		[324, "PAD66_2", 2372.7, -702.7, "B", "SMD", "BAT+", "", "R", 58.465, 68.031, 0, 0, 270],
		[325, "PAD67_1", 2372.7, -577.3, "B", "SMD", "GND", "GND", "R", 58.465, 68.031, 0, 0, 270],
		[326, "PAD68_2", 2275, -702.7, "B", "SMD", "BAT+", "", "R", 58.465, 68.031, 0, 0, 270],
		[327, "PAD69_1", 2275, -577.3, "B", "SMD", "GND", "GND", "R", 58.465, 68.031, 0, 0, 270],
		[328, "PAD70_2", 1955, -702.7, "B", "SMD", "BAT+", "", "R", 58.465, 68.031, 0, 0, 270],
		[329, "PAD71_1", 1955, -577.3, "B", "SMD", "GND", "GND", "R", 58.465, 68.031, 0, 0, 270],
		[330, "PAD72_2", 909.2, -857.3, "B", "SMD", "CE_A", "", "R", 58.465, 68.031, 0, 0, 180],
		[331, "PAD73_1", 1034.6, -857.3, "B", "SMD", "GND", "GND", "R", 58.465, 68.031, 0, 0, 180],
		[332, "PAD74_2", 1712.7, -860, "B", "SMD", "CE_B", "", "R", 58.465, 68.031, 0, 0, 0],
		[333, "PAD75_1", 1587.3, -860, "B", "SMD", "GND", "GND", "R", 58.465, 68.031, 0, 0, 0],
		[334, "PAD76_2", 562.3, -720, "B", "SMD", "$1N7101", "", "R", 58.465, 68.031, 0, 0, 180],
		[335, "PAD77_1", 687.7, -720, "B", "SMD", "GND", "GND", "R", 58.465, 68.031, 0, 0, 180],
		[336, "PAD78_2", 212.7, -315, "B", "SMD", "BAT+", "", "R", 58.465, 68.031, 0, 0, 0],
		[337, "PAD79_1", 87.3, -315, "B", "SMD", "GND", "GND", "R", 58.465, 68.031, 0, 0, 0],
		[338, "PAD80_2", 727.7, -190.4, "B", "SMD", "+5V", "", "R", 58.465, 68.031, 0, 0, 270],
		[339, "PAD81_1", 727.7, -65, "B", "SMD", "GND", "GND", "R", 58.465, 68.031, 0, 0, 270],
		[340, "PAD82_2", 632.3, -190, "B", "SMD", "+5V", "", "R", 58.465, 68.031, 0, 0, 270],
		[341, "PAD83_1", 632.3, -64.6, "B", "SMD", "GND", "GND", "R", 58.465, 68.031, 0, 0, 270],
		[342, "PAD84_2", 827.3, -190, "B", "SMD", "+5V", "", "R", 58.465, 68.031, 0, 0, 270],
		[343, "PAD85_1", 827.3, -64.6, "B", "SMD", "GND", "GND", "R", 58.465, 68.031, 0, 0, 270],
		[344, "PAD86_2", 1050, -187.3, "B", "SMD", "VBUS", "", "R", 58.465, 68.031, 0, 0, 0],
		[345, "PAD87_1", 924.6, -187.3, "B", "SMD", "GND", "GND", "R", 58.465, 68.031, 0, 0, 0],
		[346, "PAD88_2", 1052.7, -290, "B", "SMD", "VBUS", "", "R", 58.465, 68.031, 0, 0, 0],
		[347, "PAD89_1", 927.3, -290, "B", "SMD", "GND", "GND", "R", 58.465, 68.031, 0, 0, 0],
		[348, "PAD90_1", 2635, -422.02, "B", "SMD", "GND", "GND", "R", 80.61, 88.228, 0, 0, 90],
		[349, "PAD91_2", 2635, -217.98, "B", "SMD", "VBUS", "", "R", 80.61, 88.228, 0, 0, 90],
		[350, "PAD92_1", 1475, -670.0104, "B", "SMD", "GND", "GND", "R", 80.61, 88.228, 0, 0, 90],
		[351, "PAD93_2", 1475, -465.9704, "B", "SMD", "LEDA", "", "R", 80.61, 88.228, 0, 0, 90],
		[352, "PAD94_2", 688.98, -965, "B", "SMD", "$1N4317", "", "R", 39.37, 47.244, 0, 0, 180],
		[353, "PAD95_1", 811.02, -965, "B", "SMD", "CE_A", "", "R", 39.37, 47.244, 0, 0, 180],
		[354, "PAD96_2", 1093.06, -965, "B", "SMD", "$1N4465", "", "R", 39.37, 47.244, 0, 0, 0],
		[355, "PAD97_1", 971.02, -965, "B", "SMD", "CE_A", "", "R", 39.37, 47.244, 0, 0, 0],
		[356, "PAD98_2", 1588.98, -957.96, "B", "SMD", "$1N4465", "", "R", 39.37, 47.244, 0, 0, 180],
		[357, "PAD99_1", 1711.02, -957.96, "B", "SMD", "CE_B", "", "R", 39.37, 47.244, 0, 0, 180],
		[358, "PAD100_2", 1988.06, -950, "B", "SMD", "$1N4424", "", "R", 39.37, 47.244, 0, 0, 0],
		[359, "PAD101_1", 1866.02, -950, "B", "SMD", "CE_B", "", "R", 39.37, 47.244, 0, 0, 0],
		[360, "PAD102_1", 1680, -670.0104, "B", "SMD", "GND", "GND", "R", 80.61, 88.228, 0, 0, 90],
		[361, "PAD103_2", 1680, -465.9704, "B", "SMD", "LEDB", "", "R", 80.61, 88.228, 0, 0, 90],
		[362, "PAD104_2", 1291.35, -510, "B", "SMD", "$1N5164", "", "R", 39.37, 55.1, 0, 0, 0],
		[363, "PAD105_1", 1208.65, -510, "B", "SMD", "$1N5221", "", "R", 39.37, 55.1, 0, 0, 0],
		[364, "PAD106_2", 1209.3991, -608.0067, "B", "SMD", "$1N5221", "", "R", 39.37, 55.1, 0, 0, 180],
		[365, "PAD107_1", 1292.0991, -608.0067, "B", "SMD", "$1N5164", "", "R", 39.37, 55.1, 0, 0, 180],
		[366, "PAD108_2", 1291.35, -703.412, "B", "SMD", "$1N5164", "", "R", 39.37, 55.1, 0, 0, 0],
		[367, "PAD109_1", 1208.65, -703.412, "B", "SMD", "$1N5205", "", "R", 39.37, 55.1, 0, 0, 0],
		[368, "PAD110_2", 1208.65, -795, "B", "SMD", "$1N5205", "", "R", 39.37, 55.1, 0, 0, 180],
		[369, "PAD111_1", 1291.35, -795, "B", "SMD", "$1N5164", "", "R", 39.37, 55.1, 0, 0, 180],
		[370, "PAD112_2", 2426.0015, -905.5118, "T", "DIP", "$1N3617", "", "C", 60, 60, 30, 30, 0],
		[371, "PAD112_2", 2426.0015, -905.5118, "B", "DIP", "$1N3617", "", "C", 60, 60, 30, 30, 0],
		[372, "PAD113_1", 2326.0015, -905.5118, "T", "DIP", "$1N13861", "", "C", 60, 60, 30, 30, 0],
		[373, "PAD113_1", 2326.0015, -905.5118, "B", "DIP", "$1N13861", "", "C", 60, 60, 30, 30, 0],
		[374, "PAD114_3", 2526.0015, -905.5118, "T", "DIP", "$1N3617", "", "C", 60, 60, 30, 30, 0],
		[375, "PAD114_3", 2526.0015, -905.5118, "B", "DIP", "$1N3617", "", "C", 60, 60, 30, 30, 0],
		[376, "PAD115_2", 2425.6015, -1141.7323, "T", "DIP", "$1N3639", "", "C", 60, 60, 30, 30, 0],
		[377, "PAD115_2", 2425.6015, -1141.7323, "B", "DIP", "$1N3639", "", "C", 60, 60, 30, 30, 0],
		[378, "PAD116_1", 2325.6015, -1141.7323, "T", "DIP", "$1N13830", "", "C", 60, 60, 30, 30, 0],
		[379, "PAD116_1", 2325.6015, -1141.7323, "B", "DIP", "$1N13830", "", "C", 60, 60, 30, 30, 0],
		[380, "PAD117_3", 2525.6015, -1141.7323, "T", "DIP", "$1N3639", "", "C", 60, 60, 30, 30, 0],
		[381, "PAD117_3", 2525.6015, -1141.7323, "B", "DIP", "$1N3639", "", "C", 60, 60, 30, 30, 0],
		[382, "PAD118_2", 2706.44, -1141.78, "B", "SMD", "GND", "GND", "R", 47.54, 66.969, 0, 0, 0],
		[383, "PAD119_1", 2590, -1141.78, "B", "SMD", "$1N3639", "", "R", 47.54, 66.969, 0, 0, 0],
		[384, "PAD120_2", 2706.44, -911.78, "B", "SMD", "GND", "GND", "R", 47.54, 66.969, 0, 0, 0],
		[385, "PAD121_1", 2590, -911.78, "B", "SMD", "$1N3617", "", "R", 47.54, 66.969, 0, 0, 0],
		[386, "PAD122_2", 688.56, -856.78, "B", "SMD", "GND", "GND", "R", 47.54, 66.969, 0, 0, 180],
		[387, "PAD123_1", 805, -856.78, "B", "SMD", "CE_A", "", "R", 47.54, 66.969, 0, 0, 180],
		[388, "PAD124_2", 1984.66, -855, "B", "SMD", "GND", "GND", "R", 47.54, 66.969, 0, 0, 0],
		[389, "PAD125_1", 1868.22, -855, "B", "SMD", "CE_B", "", "R", 47.54, 66.969, 0, 0, 0],
		[390, "PAD126_2", 1191.78, -890, "B", "SMD", "$1N5157", "", "R", 47.54, 66.969, 0, 0, 180],
		[391, "PAD127_1", 1308.22, -890, "B", "SMD", "$1N5164", "", "R", 47.54, 66.969, 0, 0, 180],
		[392, "PAD128_2", 386.78, -875, "B", "SMD", "$1N6905", "", "R", 47.54, 66.969, 0, 0, 180],
		[393, "PAD129_1", 503.22, -875, "B", "SMD", "$1N5255", "", "R", 47.54, 66.969, 0, 0, 180],
		[394, "PAD130_4", 610.2365, -1043.6987, "T", "DIP", "GND", "GND", "C", 98.425, 98.425, 59.056, 59.056, 180],
		[395, "PAD130_4", 610.2365, -1043.6987, "B", "DIP", "GND", "GND", "C", 98.425, 98.425, 59.056, 59.056, 180],
		[396, "PAD131_3", 885.8265, -1043.6987, "T", "DIP", "GND", "GND", "C", 98.425, 98.425, 59.056, 59.056, 180],
		[397, "PAD131_3", 885.8265, -1043.6987, "B", "DIP", "GND", "GND", "C", 98.425, 98.425, 59.056, 59.056, 180],
		[398, "PAD132_2", 659.4465, -1142.1287, "T", "DIP", "$1N4317", "", "C", 60, 60, 39.37, 39.37, 180],
		[399, "PAD132_2", 659.4465, -1142.1287, "B", "DIP", "$1N4317", "", "C", 60, 60, 39.37, 39.37, 180],
		[400, "PAD133_1", 836.6165, -1142.1287, "T", "DIP", "BAT+", "", "C", 60, 60, 39.37, 39.37, 180],
		[401, "PAD133_1", 836.6165, -1142.1287, "B", "DIP", "BAT+", "", "C", 60, 60, 39.37, 39.37, 180],
		[402, "PAD134_4", 1200.7877, -1043.6987, "T", "DIP", "GND", "GND", "C", 98.425, 98.425, 59.056, 59.056, 180],
		[403, "PAD134_4", 1200.7877, -1043.6987, "B", "DIP", "GND", "GND", "C", 98.425, 98.425, 59.056, 59.056, 180],
		[404, "PAD135_3", 1476.3777, -1043.6987, "T", "DIP", "GND", "GND", "C", 98.425, 98.425, 59.056, 59.056, 180],
		[405, "PAD135_3", 1476.3777, -1043.6987, "B", "DIP", "GND", "GND", "C", 98.425, 98.425, 59.056, 59.056, 180],
		[406, "PAD136_2", 1249.9977, -1142.1287, "T", "DIP", "$1N4465", "", "C", 60, 60, 39.37, 39.37, 180],
		[407, "PAD136_2", 1249.9977, -1142.1287, "B", "DIP", "$1N4465", "", "C", 60, 60, 39.37, 39.37, 180],
		[408, "PAD137_1", 1427.1677, -1142.1287, "T", "DIP", "BAT+", "", "C", 60, 60, 39.37, 39.37, 180],
		[409, "PAD137_1", 1427.1677, -1142.1287, "B", "DIP", "BAT+", "", "C", 60, 60, 39.37, 39.37, 180],
		[410, "PAD138_4", 1791.3389, -1043.6987, "T", "DIP", "GND", "GND", "C", 98.425, 98.425, 59.056, 59.056, 180],
		[411, "PAD138_4", 1791.3389, -1043.6987, "B", "DIP", "GND", "GND", "C", 98.425, 98.425, 59.056, 59.056, 180],
		[412, "PAD139_3", 2066.9289, -1043.6987, "T", "DIP", "GND", "GND", "C", 98.425, 98.425, 59.056, 59.056, 180],
		[413, "PAD139_3", 2066.9289, -1043.6987, "B", "DIP", "GND", "GND", "C", 98.425, 98.425, 59.056, 59.056, 180],
		[414, "PAD140_2", 1840.5489, -1142.1287, "T", "DIP", "$1N4424", "", "C", 60, 60, 39.37, 39.37, 180],
		[415, "PAD140_2", 1840.5489, -1142.1287, "B", "DIP", "$1N4424", "", "C", 60, 60, 39.37, 39.37, 180],
		[416, "PAD141_1", 2017.7189, -1142.1287, "T", "DIP", "BAT+", "", "C", 60, 60, 39.37, 39.37, 180],
		[417, "PAD141_1", 2017.7189, -1142.1287, "B", "DIP", "BAT+", "", "C", 60, 60, 39.37, 39.37, 180],
		[418, "PAD142_1", 1109.5, -385, "B", "SMD", "VBUS", "", "R", 23.622, 47.244, 0, 0, 270],
		[419, "PAD143_2", 1109.5, -435, "B", "SMD", "$1N5221", "", "R", 23.622, 47.244, 0, 0, 270],
		[420, "PAD144_3", 1109.5, -485, "B", "SMD", "$1N5205", "", "R", 23.622, 47.244, 0, 0, 270],
		[421, "PAD145_4", 1109.5, -535, "B", "SMD", "$1N5157", "", "R", 23.622, 47.244, 0, 0, 270],
		[422, "PAD146_5", 880.5, -535, "B", "SMD", "$1N5255", "", "R", 23.622, 47.244, 0, 0, 270],
		[423, "PAD147_6", 880.5, -485, "B", "SMD", "$1N7101", "", "R", 23.622, 47.244, 0, 0, 270],
		[424, "PAD148_7", 880.5, -435, "B", "SMD", "$1N6778", "", "R", 23.622, 47.244, 0, 0, 270],
		[425, "PAD149_8", 880.5, -385, "B", "SMD", "+5V", "", "R", 23.622, 47.244, 0, 0, 270],
		[426, "PAD150_9", 995, -460, "B", "SMD", "GND", "GND", "R", 129.921, 94.488, 0, 0, 90],
		[427, "PAD151_1", 728.82, -460, "B", "SMD", "$1N6778", "", "R", 137.795, 137.795, 0, 0, 180],
		[428, "PAD152_2", 321.18, -460, "B", "SMD", "BAT+", "", "R", 137.795, 137.795, 0, 0, 180],
		[429, "PAD153_2", 385, -704.66, "B", "SMD", "BAT+", "", "R", 31.751, 34.016, 0, 0, 180],
		[430, "PAD154_1", 444.32, -704.66, "B", "SMD", "$1N7101", "", "R", 31.751, 34.016, 0, 0, 180],
		[431, "PAD155_B12", 2751.7707, -127.9555, "B", "SMD", "GND", "GND", "R", 35.433, 43.307, 0, 0, 270],
		[432, "PAD156_B9", 2751.7707, -176.3755, "B", "SMD", "VBUS", "", "R", 31.496, 43.307, 0, 0, 270],
		[433, "PAD157_A5", 2751.7707, -216.5355, "B", "SMD", "$1N21573", "", "R", 27.559, 43.307, 0, 0, 270],
		[434, "PAD158_B5", 2751.7707, -255.9055, "B", "SMD", "$1N21578", "", "R", 27.559, 43.307, 0, 0, 270],
		[435, "PAD159_A9", 2751.7707, -296.0655, "B", "SMD", "VBUS", "", "R", 31.496, 43.307, 0, 0, 270],
		[436, "PAD160_A12", 2751.7707, -344.4855, "B", "SMD", "GND", "GND", "R", 35.433, 43.307, 0, 0, 270],
		[437, "PAD161_3", 2917.5207, -66.1455, "T", "DIP", "BAT-", "", "O", 39.37, 78.74, 19.686, 55.12, 270],
		[438, "PAD161_3", 2917.5207, -66.1455, "B", "DIP", "BAT-", "", "O", 39.37, 78.74, 19.686, 55.12, 270],
		[439, "PAD162_1", 2771.8507, -66.1455, "T", "DIP", "BAT-", "", "O", 39.37, 78.74, 19.686, 55.118, 270],
		[440, "PAD162_1", 2771.8507, -66.1455, "B", "DIP", "BAT-", "", "O", 39.37, 78.74, 19.686, 55.118, 270],
		[441, "PAD163_1", 297.68, -757.68, "B", "SMD", "$1N6905", "", "R", 41.339, 27.559, 0, 0, 180],
		[442, "PAD164_2", 132.32, -757.68, "B", "SMD", "$1N6905", "", "R", 41.339, 27.559, 0, 0, 180],
		[443, "PAD165_3", 297.68, -842.32, "B", "SMD", "GND", "GND", "R", 41.339, 27.559, 0, 0, 180],
		[444, "PAD166_4", 132.32, -842.32, "B", "SMD", "GND", "GND", "R", 41.339, 27.559, 0, 0, 180],
		[445, "PAD167_2", 1999.6, -97.7, "B", "SMD", "$1N13688", "", "R", 58.465, 68.031, 0, 0, 180],
		[446, "PAD168_1", 2125, -97.7, "B", "SMD", "BAT-", "", "R", 58.465, 68.031, 0, 0, 180],
		[447, "PAD169_2", 1814.3548, -277.48, "B", "SMD", "$1N13509", "", "R", 44.588, 54.213, 0, 0, 270],
		[448, "PAD170_1", 1814.3548, -198.74, "B", "SMD", "GND", "GND", "R", 44.588, 54.213, 0, 0, 270],
		[449, "PAD171_2", 1845, -675.63, "B", "SMD", "BAT+", "", "R", 44.588, 54.213, 0, 0, 270],
		[450, "PAD172_1", 1845, -596.89, "B", "SMD", "$1N13688", "", "R", 44.588, 54.213, 0, 0, 270],
		[451, "PAD173_1", 1987.64, -280.48, "B", "SMD", "$1N13537", "", "R", 20.945, 42.205, 0, 0, 180],
		[452, "PAD174_2", 1950.24, -280.48, "B", "SMD", "$1N13509", "", "R", 20.945, 42.205, 0, 0, 180],
		[453, "PAD175_3", 1912.84, -280.48, "B", "SMD", "$1N13530", "", "R", 20.945, 42.205, 0, 0, 180],
		[454, "PAD176_5", 1950.24, -190, "B", "SMD", "$1N13688", "", "R", 20.945, 42.205, 0, 0, 180],
		[455, "PAD177_6", 1987.64, -190, "B", "SMD", "BAT-", "", "R", 20.945, 42.205, 0, 0, 180],
		[456, "PAD178_2", 2350.24, -227.21, "B", "SMD", "BAT-", "", "O", 13.898, 57.244, 0, 0, 270],
		[457, "PAD179_3", 2350.24, -252.8, "B", "SMD", "BAT-", "", "O", 13.898, 57.244, 0, 0, 270],
		[458, "PAD180_4", 2350.24, -278.39, "B", "SMD", "$1N13537", "", "O", 13.898, 57.244, 0, 0, 270],
		[459, "PAD181_7", 2119.76, -227.21, "B", "SMD", "GND", "GND", "O", 13.898, 57.244, 0, 0, 270],
		[460, "PAD182_6", 2119.76, -252.8, "B", "SMD", "GND", "GND", "O", 13.898, 57.244, 0, 0, 270],
		[461, "PAD183_5", 2119.76, -278.39, "B", "SMD", "$1N13530", "", "O", 13.898, 57.244, 0, 0, 270],
		[462, "PAD184_1", 2605, -744.02, "B", "SMD", "$1N13861", "", "O", 22.598, 80.236, 0, 0, 180],
		[463, "PAD185_2", 2555, -744.02, "B", "SMD", "GND", "GND", "O", 22.598, 80.236, 0, 0, 180],
		[464, "PAD186_3", 2505, -744.02, "B", "SMD", "BAT+", "", "O", 22.598, 80.236, 0, 0, 180],
		[465, "PAD187_4", 2455, -744.02, "B", "SMD", "BAT+", "", "O", 22.598, 80.236, 0, 0, 180],
		[466, "PAD188_8", 2605, -525.98, "B", "SMD", "CE_A", "", "O", 22.598, 80.236, 0, 0, 180],
		[467, "PAD189_6", 2505, -525.98, "B", "SMD", "LEDA", "", "O", 22.598, 80.236, 0, 0, 180],
		[468, "PAD190_5", 2455, -525.98, "B", "SMD", "LEDA", "", "O", 22.598, 80.236, 0, 0, 180],
		[469, "PAD191_9", 2530, -635, "B", "SMD", "GND", "GND", "R", 78.74, 78.74, 0, 0, 180],
		[470, "PAD192_1", 2190, -744.02, "B", "SMD", "$1N13830", "", "O", 22.598, 80.236, 0, 0, 180],
		[471, "PAD193_2", 2140, -744.02, "B", "SMD", "GND", "GND", "O", 22.598, 80.236, 0, 0, 180],
		[472, "PAD194_3", 2090, -744.02, "B", "SMD", "BAT+", "", "O", 22.598, 80.236, 0, 0, 180],
		[473, "PAD195_4", 2040, -744.02, "B", "SMD", "BAT+", "", "O", 22.598, 80.236, 0, 0, 180],
		[474, "PAD196_8", 2190, -525.98, "B", "SMD", "CE_B", "", "O", 22.598, 80.236, 0, 0, 180],
		[475, "PAD197_6", 2090, -525.98, "B", "SMD", "LEDB", "", "O", 22.598, 80.236, 0, 0, 180],
		[476, "PAD198_5", 2040, -525.98, "B", "SMD", "LEDB", "", "O", 22.598, 80.236, 0, 0, 180],
		[477, "PAD199_9", 2115, -635, "B", "SMD", "GND", "GND", "R", 78.74, 78.74, 0, 0, 180],
		[478, "PAD200_2", 107.3753, -1561.7247, "T", "SMD", "+5V", "", "R", 44.588, 54.213, 0, 0, 0],
		[479, "PAD201_1", 28.6353, -1561.7247, "T", "SMD", "GND", "GND", "R", 44.588, 54.213, 0, 0, 0],
		[480, "PAD202_2", 271.7323, -1659.6217, "T", "SMD", "$1N21573", "", "R", 44.588, 54.213, 0, 0, 0],
		[481, "PAD203_1", 192.9923, -1659.6217, "T", "SMD", "GND", "GND", "R", 44.588, 54.213, 0, 0, 0],
		[482, "PAD204_2", 436.0893, -1659.6217, "T", "SMD", "$1N21578", "", "R", 44.588, 54.213, 0, 0, 0],
		[483, "PAD205_1", 357.3493, -1659.6217, "T", "SMD", "GND", "GND", "R", 44.588, 54.213, 0, 0, 0]
	]
}
}